Workbook

Sheet Raw Data
A1: Name | B1: Email | C1: City | D1: Phone | E1: Status
A2: rahul sharma | B2: RAHUL@EXAMPLE.COM | C2: kanpur | D2: 98765 43210 | E2: active
A3: Priya Verma | B3: priya@example.com | C3: KANPUR | D3: 9876543211 | E3: Active
A4: Amit singh | B4: amit@example.com | C4: Lucknow | D4: 98 7654 3212 | E4: ACTIVE
A5: Neha Gupta | B5: neha@example.com | C5: lucknow | D5: 9876543213 | E5: inactive
A6: Rahul Sharma | B6: rahul@example.com | C6: Kanpur | D6: 9876543210 | E6: Active
A7: amit singh | B7: amit@example.com | C7: lucknow | D7: 9876543212 | E7: active
A8: Karan Mehta | B8: karan@example.com | C8: Delhi | D8: 9876543214 | E8: Active
A9: Neha Gupta | B9: neha@example.com | C9: Lucknow | D9: 9876543213 | E9: Inactive
A10: Sonia Yadav | B10: sonia@example.com | C10: Kanpur | D10: 9876543215 | E10: active
A11: Ravi Kumar | B11: ravi@example.com | C11: Delhi | D11: 9876543216 | E11: Active

Sheet Cleaned Data
A1: Name | B1: Email | C1: City | D1: Phone | E1: Status | F1: Duplicate Check
A2: =PROPER(TRIM('Raw Data'!A2)) | B2: =LOWER(TRIM('Raw Data'!B2)) | C2: =PROPER(TRIM('Raw Data'!C2)) | D2: =SUBSTITUTE(SUBSTITUTE(SUBSTITUTE('Raw Data'!D2," ",""),"-",""),"+91","") | E2: =PROPER(TRIM('Raw Data'!E2)) | F2: =IF(COUNTIF($B$2:B2,B2)>1,"Duplicate","Unique")
A3: =PROPER(TRIM('Raw Data'!A3)) | B3: =LOWER(TRIM('Raw Data'!B3)) | C3: =PROPER(TRIM('Raw Data'!C3)) | D3: =SUBSTITUTE(SUBSTITUTE(SUBSTITUTE('Raw Data'!D3," ",""),"-",""),"+91","") | E3: =PROPER(TRIM('Raw Data'!E3)) | F3: =IF(COUNTIF($B$2:B3,B3)>1,"Duplicate","Unique")
A4: =PROPER(TRIM('Raw Data'!A4)) | B4: =LOWER(TRIM('Raw Data'!B4)) | C4: =PROPER(TRIM('Raw Data'!C4)) | D4: =SUBSTITUTE(SUBSTITUTE(SUBSTITUTE('Raw Data'!D4," ",""),"-",""),"+91","") | E4: =PROPER(TRIM('Raw Data'!E4)) | F4: =IF(COUNTIF($B$2:B4,B4)>1,"Duplicate","Unique")
A5: =PROPER(TRIM('Raw Data'!A5)) | B5: =LOWER(TRIM('Raw Data'!B5)) | C5: =PROPER(TRIM('Raw Data'!C5)) | D5: =SUBSTITUTE(SUBSTITUTE(SUBSTITUTE('Raw Data'!D5," ",""),"-",""),"+91","") | E5: =PROPER(TRIM('Raw Data'!E5)) | F5: =IF(COUNTIF($B$2:B5,B5)>1,"Duplicate","Unique")
A6: =PROPER(TRIM('Raw Data'!A6)) | B6: =LOWER(TRIM('Raw Data'!B6)) | C6: =PROPER(TRIM('Raw Data'!C6)) | D6: =SUBSTITUTE(SUBSTITUTE(SUBSTITUTE('Raw Data'!D6," ",""),"-",""),"+91","") | E6: =PROPER(TRIM('Raw Data'!E6)) | F6: =IF(COUNTIF($B$2:B6,B6)>1,"Duplicate","Unique")
A7: =PROPER(TRIM('Raw Data'!A7)) | B7: =LOWER(TRIM('Raw Data'!B7)) | C7: =PROPER(TRIM('Raw Data'!C7)) | D7: =SUBSTITUTE(SUBSTITUTE(SUBSTITUTE('Raw Data'!D7," ",""),"-",""),"+91","") | E7: =PROPER(TRIM('Raw Data'!E7)) | F7: =IF(COUNTIF($B$2:B7,B7)>1,"Duplicate","Unique")
A8: =PROPER(TRIM('Raw Data'!A8)) | B8: =LOWER(TRIM('Raw Data'!B8)) | C8: =PROPER(TRIM('Raw Data'!C8)) | D8: =SUBSTITUTE(SUBSTITUTE(SUBSTITUTE('Raw Data'!D8," ",""),"-",""),"+91","") | E8: =PROPER(TRIM('Raw Data'!E8)) | F8: =IF(COUNTIF($B$2:B8,B8)>1,"Duplicate","Unique")

Sheet Summary
A1: ASHISH KUMAR — DATA CLEANING & MANAGEMENT
A2: Sample portfolio project | Fictional data
A4: RAW RECORDS | C4: CLEANED RECORDS | E4: UNIQUE EMAILS
A5: =COUNTA('Raw Data'!A2:A11) | C5: =COUNTA('Cleaned Data'!A2:A11) | E5: =SUMPRODUCT(1/COUNTIF('Raw Data'!B2:B11,'Raw Data'!B2:B11&""))
A8: CLEANING STEPS
A9: ✓ Trim extra spaces
A10: ✓ Standardize names and cities
A11: ✓ Normalize email addresses
A12: ✓ Remove spaces from phone numbers
A13: ✓ Standardize status values
A14: ✓ Identify duplicate email records

Sheet Read Me
A1: PORTFOLIO PROJECT NOTE
A3: Project: Data Cleaning & Management
A4: Purpose: Demonstration of cleaning and organizing a small messy dataset.
A5: Data: Fictional sample records created for demonstration.
A6: Skills: TRIM, PROPER, LOWER, SUBSTITUTE, duplicate checks, tables and structured reporting.
A7: Suggested portfolio label: Sample Project — Data Cleaning & Management
