Workbook

Sheet Sales Data
A1: Order ID | B1: Date | C1: Region | D1: Product | E1: Units | F1: Unit Price | G1: Revenue
A2: 1001 | B2: 45658 | C2: East | D2: Headset | E2: 3 | F2: 1600 | G2: =E2*F2
A3: 1002 | B3: 45662 | C3: North | D3: Wireless Mouse | E3: 5 | F3: 900 | G3: =E3*F3
A4: 1003 | B4: 45660 | C4: West | D4: Headset | E4: 10 | F4: 1600 | G4: =E4*F4
A5: 1004 | B5: 45660 | C5: South | D5: Laptop Stand | E5: 2 | F5: 1800 | G5: =E5*F5
A6: 1005 | B6: 45677 | C6: North | D6: Wireless Mouse | E6: 10 | F6: 900 | G6: =E6*F6
A7: 1006 | B7: 45680 | C7: West | D7: Webcam | E7: 5 | F7: 2200 | G7: =E7*F7
A8: 1007 | B8: 45676 | C8: East | D8: Wireless Mouse | E8: 9 | F8: 900 | G8: =E8*F8
A9: 1008 | B9: 45680 | C9: West | D9: Laptop Stand | E9: 4 | F9: 1800 | G9: =E9*F9
A10: 1009 | B10: 45662 | C10: South | D10: Keyboard | E10: 6 | F10: 1400 | G10: =E10*F10
A11: 1010 | B11: 45660 | C11: West | D11: Keyboard | E11: 3 | F11: 1400 | G11: =E11*F11
A12: 1011 | B12: 45716 | C12: East | D12: Laptop Stand | E12: 7 | F12: 1800 | G12: =E12*F12
A13: 1012 | B13: 45714 | C13: North | D13: Webcam | E13: 6 | F13: 2200 | G13: =E13*F13
... A121: 1120 | B121: 46000 | C121: North | D121: USB Hub | E121: 7 | F121: 750 | G121: =E121*F121

Sheet Dashboard
A1: ASHISH KUMAR — EXCEL SALES DASHBOARD
A2: Sample portfolio project | Fictional data for demonstration
A4: TOTAL REVENUE | C4: TOTAL ORDERS | E4: TOTAL UNITS | G4: AVG ORDER VALUE
A5: =SUM('Sales Data'!G2:G121) | C5: =COUNTA('Sales Data'!A2:A121) | E5: =SUM('Sales Data'!E2:E121) | G5: =AVERAGE('Sales Data'!G2:G121)
A8: MONTHLY SALES | D8: REGION SALES | G8: PRODUCT SALES
A10: Month | B10: Revenue | D10: Region | E10: Revenue | G10: Product | H10: Revenue
A11: Jan | B11: =SUMIFS('Sales Data'!$G$2:$G$121,'Sales Data'!$B$2:$B$121,">="&DATE(2025,1,1),'Sales Data'!$B$2:$B$121,"<"&EDATE(DATE(2025,1,1),1)) | D11: North | E11: =SUMIF('Sales Data'!$C$2:$C$121,D11,'Sales Data'!$G$2:$G$121) | G11: Laptop Stand | H11: =SUMIF('Sales Data'!$D$2:$D$121,G11,'Sales Data'!$G$2:$G$121)
A12: Feb | B12: =SUMIFS('Sales Data'!$G$2:$G$121,'Sales Data'!$B$2:$B$121,">="&DATE(2025,2,1),'Sales Data'!$B$2:$B$121,"<"&EDATE(DATE(2025,2,1),1)) | D12: South | E12: =SUMIF('Sales Data'!$C$2:$C$121,D12,'Sales Data'!$G$2:$G$121) | G12: Wireless Mouse | H12: =SUMIF('Sales Data'!$D$2:$D$121,G12,'Sales Data'!$G$2:$G$121)
A13: Mar | B13: =SUMIFS('Sales Data'!$G$2:$G$121,'Sales Data'!$B$2:$B$121,">="&DATE(2025,3,1),'Sales Data'!$B$2:$B$121,"<"&EDATE(DATE(2025,3,1),1)) | D13: East | E13: =SUMIF('Sales Data'!$C$2:$C$121,D13,'Sales Data'!$G$2:$G$121) | G13: Keyboard | H13: =SUMIF('Sales Data'!$D$2:$D$121,G13,'Sales Data'!$G$2:$G$121)
A14: Apr | B14: =SUMIFS('Sales Data'!$G$2:$G$121,'Sales Data'!$B$2:$B$121,">="&DATE(2025,4,1),'Sales Data'!$B$2:$B$121,"<"&EDATE(DATE(2025,4,1),1)) | D14: West | E14: =SUMIF('Sales Data'!$C$2:$C$121,D14,'Sales Data'!$G$2:$G$121) | G14: USB Hub | H14: =SUMIF('Sales Data'!$D$2:$D$121,G14,'Sales Data'!$G$2:$G$121)
A15: May | B15: =SUMIFS('Sales Data'!$G$2:$G$121,'Sales Data'!$B$2:$B$121,">="&DATE(2025,5,1),'Sales Data'!$B$2:$B$121,"<"&EDATE(DATE(2025,5,1),1)) | G15: Webcam | H15: =SUMIF('Sales Data'!$D$2:$D$121,G15,'Sales Data'!$G$2:$G$121)
A16: Jun | B16: =SUMIFS('Sales Data'!$G$2:$G$121,'Sales Data'!$B$2:$B$121,">="&DATE(2025,6,1),'Sales Data'!$B$2:$B$121,"<"&EDATE(DATE(2025,6,1),1)) | G16: Headset | H16: =SUMIF('Sales Data'!$D$2:$D$121,G16,'Sales Data'!$G$2:$G$121)
A17: Jul | B17: =SUMIFS('Sales Data'!$G$2:$G$121,'Sales Data'!$B$2:$B$121,">="&DATE(2025,7,1),'Sales Data'!$B$2:$B$121,"<"&EDATE(DATE(2025,7,1),1))
A18: Aug | B18: =SUMIFS('Sales Data'!$G$2:$G$121,'Sales Data'!$B$2:$B$121,">="&DATE(2025,8,1),'Sales Data'!$B$2:$B$121,"<"&EDATE(DATE(2025,8,1),1))
A19: Sep | B19: =SUMIFS('Sales Data'!$G$2:$G$121,'Sales Data'!$B$2:$B$121,">="&DATE(2025,9,1),'Sales Data'!$B$2:$B$121,"<"&EDATE(DATE(2025,9,1),1))
A20: Oct | B20: =SUMIFS('Sales Data'!$G$2:$G$121,'Sales Data'!$B$2:$B$121,">="&DATE(2025,10,1),'Sales Data'!$B$2:$B$121,"<"&EDATE(DATE(2025,10,1),1))
A21: Nov | B21: =SUMIFS('Sales Data'!$G$2:$G$121,'Sales Data'!$B$2:$B$121,">="&DATE(2025,11,1),'Sales Data'!$B$2:$B$121,"<"&EDATE(DATE(2025,11,1),1))
A22: Dec | B22: =SUMIFS('Sales Data'!$G$2:$G$121,'Sales Data'!$B$2:$B$121,">="&DATE(2025,12,1),'Sales Data'!$B$2:$B$121,"<"&EDATE(DATE(2025,12,1),1))

Sheet Read Me
A1: PORTFOLIO PROJECT NOTE
A3: Project: Excel Sales Dashboard
A4: Purpose: Demonstration of Excel dashboard and analysis skills.
A5: Data: Fictional sample data created for demonstration; no real client/company data is used.
A6: Skills: formulas, SUMIFS/SUMIF, tables, KPIs, formatting and charts.
A7: Suggested portfolio label: Sample Project — Excel Sales Dashboard
